CREATE DATABASE IF NOT EXISTS restaurante;
USE restaurante;

CREATE TABLE clientes (
    id_cliente INT AUTO_INCREMENT PRIMARY KEY, 
    nombre VARCHAR(100) NOT NULL, 
    telefono VARCHAR(15), 
    email VARCHAR(100), 
    fecha_registro DATE
);


CREATE TABLE meseros (
    id_mesero INT AUTO_INCREMENT PRIMARY KEY, 
    nombre VARCHAR(100) NOT NULL, 
    telefono VARCHAR(15) NOT NULL, 
    fecha_contratacion DATE
);


CREATE TABLE mesas (
    id_mesa INT AUTO_INCREMENT PRIMARY KEY, 
    capacidad INT NOT NULL, 
    ubicacion VARCHAR(50)
);


CREATE TABLE pedidos (
    id_pedido INT AUTO_INCREMENT PRIMARY KEY, 
    id_cliente INT NOT NULL, 
    id_mesero INT NOT NULL, 
    id_mesa INT NOT NULL, 
    fecha DATE NOT NULL, 
    total DECIMAL(10,2),
    FOREIGN KEY (id_cliente) REFERENCES clientes(id_cliente) ON DELETE CASCADE, 
    FOREIGN KEY (id_mesero) REFERENCES meseros(id_mesero) ON DELETE CASCADE, 
    FOREIGN KEY (id_mesa) REFERENCES mesas(id_mesa) ON DELETE CASCADE
);


CREATE TABLE detalle_pedidos (
    id_detalle INT AUTO_INCREMENT PRIMARY KEY, 
    id_pedido INT NOT NULL, 
    producto VARCHAR(100) NOT NULL, 
    cantidad INT NOT NULL, 
    precio_unitario DECIMAL(10,2),
    FOREIGN KEY (id_pedido) REFERENCES pedidos(id_pedido) ON DELETE CASCADE
);


INSERT INTO clientes (nombre, telefono, email, fecha_registro) VALUES 
('Juan Pérez', '123456789', 'juan@example.com', '2024-01-01'),
('María López', '987654321', 'maria@example.com', '2024-01-02'),
('Carlos Sánchez', '567891234', 'carlos@example.com', '2024-01-03'),
('Ana González', '345678912', 'ana@example.com', '2024-01-04'),
('Pedro Ramírez', '876543219', 'pedro@example.com', '2024-01-05'),
('Laura Fernández', '234567891', 'laura@example.com', '2024-01-06'),
('Luis Gómez', '765432198', 'luis@example.com', '2024-01-07'),
('Elena Torres', '432198765', 'elena@example.com', '2024-01-08'),
('Manuel Díaz', '321987654', 'manuel@example.com', '2024-01-09'),
('Rosa Vargas', '678912345', 'rosa@example.com', '2024-01-10'),
('Fernando Herrera', '543219876', 'fernando@example.com', '2024-01-11'),
('Gloria Méndez', '219876543', 'gloria@example.com', '2024-01-12'),
('Ricardo Castillo', '891234567', 'ricardo@example.com', '2024-01-13'),
('Carmen Soto', '198765432', 'carmen@example.com', '2024-01-14'),
('Javier Ríos', '567432189', 'javier@example.com', '2024-01-15'),
('Sofía Morales', '654321987', 'sofia@example.com', '2024-01-16'),
('Esteban Jiménez', '432187654', 'esteban@example.com', '2024-01-17'),
('Marta Paredes', '876543210', 'marta@example.com', '2024-01-18'),
('Andrés Ortega', '789654123', 'andres@example.com', '2024-01-19'),
('Gabriela Rojas', '951357468', 'gabriela@example.com', '2024-01-20'),
('Francisco Castro', '753159846', 'francisco@example.com', '2024-01-21'),
('Natalia Núñez', '852963741', 'natalia@example.com', '2024-01-22'),
('Héctor Reyes', '741852963', 'hector@example.com', '2024-01-23'),
('Patricia León', '369258147', 'patricia@example.com', '2024-01-24'),
('Raúl Vargas', '258147369', 'raul@example.com', '2024-01-25'),
('Liliana Molina', '159753486', 'liliana@example.com', '2024-01-26'),
('José Espinoza', '654987321', 'jose@example.com', '2024-01-27'),
('Clara Guzmán', '321654987', 'clara@example.com', '2024-01-28'),
('Oscar Vázquez', '987321654', 'oscar@example.com', '2024-01-29'),
('Daniela Cabrera', '753486159', 'daniela@example.com', '2024-01-30'),
('Alejandro Silva', '951357852', 'alejandro@example.com', '2024-01-31'),
('Camila Soto', '852741963', 'camila@example.com', '2024-02-01'),
('Iván Domínguez', '369147258', 'ivan@example.com', '2024-02-02'),
('Paola Méndez', '741369852', 'paola@example.com', '2024-02-03'),
('Gustavo Herrera', '258963147', 'gustavo@example.com', '2024-02-04'),
('Valeria Álvarez', '159357468', 'valeria@example.com', '2024-02-05'),
('Cristian Ponce', '654123789', 'cristian@example.com', '2024-02-06'),
('Fernanda Gallardo', '123789654', 'fernanda@example.com', '2024-02-07'),
('Rodrigo Saavedra', '987654123', 'rodrigo@example.com', '2024-02-08'),
('Lorena Navarro', '789123456', 'lorena@example.com', '2024-02-09'),
('Mario Fuentes', '456789123', 'mario@example.com', '2024-02-10'),
('Beatriz Cárdenas', '369852147', 'beatriz@example.com', '2024-02-11'),
('Eduardo Palma', '147258369', 'eduardo@example.com', '2024-02-12'),
('Verónica Rojas', '258369147', 'veronica@example.com', '2024-02-13'),
('Sebastián Gálvez', '951486357', 'sebastian@example.com', '2024-02-14'),
('Andrea Hidalgo', '357159486', 'andrea@example.com', '2024-02-15'),
('Fabián Medina', '753486951', 'fabian@example.com', '2024-02-16'),
('Silvia Tapia', '159486753', 'silvia@example.com', '2024-02-17'),
('Tomás Peña', '486159357', 'tomas@example.com', '2024-02-18'),
('Jessica Cornejo', '357486951', 'jessica@example.com', '2024-02-19');

INSERT INTO meseros (nombre, telefono, fecha_contratacion) VALUES 
('Luis Gómez', '555111222', '2023-01-10'),
('Elena Torres', '555222333', '2023-02-15'),
('Manuel Díaz', '555333444', '2023-03-20'),
('Rosa Vargas', '555444555', '2023-04-25'),
('Fernando Herrera', '555555666', '2023-05-30'),
('Gloria Méndez', '555666777', '2023-06-10'),
('Ricardo Castillo', '555777888', '2023-07-15'),
('Carmen Soto', '555888999', '2023-08-20'),
('Javier Ríos', '555999000', '2023-09-25'),
('Sofía Morales', '555000111', '2023-10-30'),
('Esteban Jiménez', '555111000', '2023-11-05'),
('Marta Paredes', '555222000', '2023-12-10'),
('Andrés Ortega', '555333000', '2024-01-15'),
('Gabriela Rojas', '555444000', '2024-02-20'),
('Francisco Castro', '555555000', '2024-03-25'),
('Natalia Núñez', '555666000', '2024-04-30'),
('Héctor Reyes', '555777000', '2024-05-05'),
('Patricia León', '555888000', '2024-06-10'),
('Raúl Vargas', '555999000', '2024-07-15'),
('Liliana Molina', '555000999', '2024-08-20'),
('José Espinoza', '555111999', '2024-09-25'),
('Clara Guzmán', '555222999', '2024-10-30'),
('Oscar Vázquez', '555333999', '2024-11-05'),
('Daniela Cabrera', '555444999', '2024-12-10'),
('Alejandro Silva', '555555999', '2025-01-15'),
('Camila Soto', '555666999', '2025-02-20'),
('Iván Domínguez', '555777999', '2025-03-25'),
('Paola Méndez', '555888999', '2025-04-30'),
('Gustavo Herrera', '555999888', '2025-05-05'),
('Valeria Álvarez', '555000888', '2025-06-10'),
('Cristian Ponce', '555111888', '2025-07-15'),
('Fernanda Gallardo', '555222888', '2025-08-20'),
('Rodrigo Saavedra', '555333888', '2025-09-25'),
('Lorena Navarro', '555444888', '2025-10-30'),
('Mario Fuentes', '555555888', '2025-11-05'),
('Beatriz Cárdenas', '555666888', '2025-12-10'),
('Eduardo Palma', '555777888', '2026-01-15'),
('Verónica Rojas', '555888777', '2026-02-20'),
('Sebastián Gálvez', '555999777', '2026-03-25'),
('Andrea Hidalgo', '555000777', '2026-04-30'),
('Fabián Medina', '555111777', '2026-05-05'),
('Silvia Tapia', '555222777', '2026-06-10'),
('Tomás Peña', '555333777', '2026-07-15'),
('Jessica Cornejo', '555444777', '2026-08-20'),
('Hugo Soto', '555555777', '2026-09-25'),
('Claudia Rivera', '555666777', '2026-10-30'),
('Vicente Paredes', '555777777', '2026-11-05'),
('Katherine Salinas', '555888777', '2026-12-10'),
('Pablo Vega', '555999777', '2027-01-15'),
('Sebastian Soledad', '789631156', '2024-01-15');

INSERT INTO mesas (capacidad, ubicacion) VALUES 
(2, 'Terraza'), (4, 'Interior'), (6, 'Ventana'), (2, 'Barra'), (4, 'Patio'), 
(2, 'Terraza'), (4, 'Interior'), (6, 'Ventana'), (2, 'Barra'), (4, 'Patio'),
(2, 'Terraza'), (4, 'Interior'), (6, 'Ventana'), (2, 'Barra'), (4, 'Patio'),
(2, 'Terraza'), (4, 'Interior'), (6, 'Ventana'), (2, 'Barra'), (4, 'Patio'),
(2, 'Terraza'), (4, 'Interior'), (6, 'Ventana'), (2, 'Barra'), (4, 'Patio'),
(2, 'Terraza'), (4, 'Interior'), (6, 'Ventana'), (2, 'Barra'), (4, 'Patio'),
(2, 'Terraza'), (4, 'Interior'), (6, 'Ventana'), (2, 'Barra'), (4, 'Patio'),
(2, 'Terraza'), (4, 'Interior'), (6, 'Ventana'), (2, 'Barra'), (4, 'Patio'),
(2, 'Terraza'), (4, 'Interior'), (6, 'Ventana'), (2, 'Barra'), (4, 'Patio'),
(2, 'Terraza'), (4, 'Interior'), (6, 'Ventana'), (2, 'Barra'), (4, 'Patio');

INSERT INTO pedidos (id_cliente, id_mesero, id_mesa, fecha, total) VALUES 
(1, 1, 1, '2024-02-01', 150.50),
(2, 2, 2, '2024-03-02', 120.00),
(3, 3, 3, '2024-04-03', 180.75),
(4, 4, 4, '2024-05-04', 95.00),
(5, 5, 5, '2024-06-05', 135.20),
(6, 6, 6, '2024-02-06', 200.00),
(7, 7, 7, '2024-07-07', 175.30),
(8, 8, 8, '2024-02-08', 110.80),
(9, 9, 9, '2024-02-09', 250.50),
(10, 10, 10, '2024-08-10', 190.00),
(11, 11, 11, '2024-02-11', 130.75),
(12, 12, 12, '2024-05-12', 145.60),
(13, 13, 13, '2024-04-13', 175.40),
(14, 14, 14, '2024-05-14', 210.90),
(15, 15, 15, '2024-02-15', 160.20),
(16, 16, 16, '2024-02-16', 85.00),
(17, 17, 17, '2024-05-17', 130.45),
(18, 18, 18, '2024-02-18', 200.75),
(19, 19, 19, '2024-11-19', 125.30),
(20, 20, 20, '2024-01-20', 180.60),
(21, 21, 21, '2024-01-21', 115.90),
(22, 22, 22, '2024-02-22', 145.25),
(23, 23, 23, '2024-10-23', 210.40),
(24, 24, 24, '2024-01-24', 195.80),
(25, 25, 25, '2024-01-25', 175.00);

INSERT INTO detalle_pedidos (id_pedido, producto, cantidad, precio_unitario) VALUES 
(1, 'Pizza Margarita', 2, 12.00), (1, 'Tacos al Pastor', 1, 9.50),
(2, 'Ensalada César', 1, 7.75), (2, 'Pasta Alfredo', 2, 11.25),
(3, 'Hamburguesa Clásica', 1, 8.50), (3, 'Pizza Margarita', 1, 12.00),
(4, 'Tacos al Pastor', 3, 9.50), (4, 'Ensalada César', 2, 7.75),
(5, 'Pasta Alfredo', 1, 11.25), (5, 'Hamburguesa Clásica', 2, 8.50),
(6, 'Pizza Margarita', 1, 12.00), (6, 'Tacos al Pastor', 2, 9.50),
(7, 'Ensalada César', 1, 7.75), (7, 'Pasta Alfredo', 2, 11.25),
(8, 'Hamburguesa Clásica', 1, 8.50), (8, 'Pizza Margarita', 1, 12.00),
(9, 'Tacos al Pastor', 2, 9.50), (9, 'Ensalada César', 1, 7.75),
(10, 'Pasta Alfredo', 2, 11.25), (10, 'Hamburguesa Clásica', 1, 8.50),
(11, 'Pizza Margarita', 1, 12.00), (11, 'Tacos al Pastor', 2, 9.50),
(12, 'Ensalada César', 1, 7.75), (12, 'Pasta Alfredo', 2, 11.25),
(13, 'Hamburguesa Clásica', 1, 8.50), (13, 'Pizza Margarita', 1, 12.00),
(14, 'Tacos al Pastor', 2, 9.50), (14, 'Ensalada César', 1, 7.75),
(15, 'Pasta Alfredo', 2, 11.25), (15, 'Hamburguesa Clásica', 1, 8.50),
(16, 'Pizza Margarita', 1, 12.00), (16, 'Tacos al Pastor', 2, 9.50),
(17, 'Ensalada César', 1, 7.75), (17, 'Pasta Alfredo', 2, 11.25),
(18, 'Hamburguesa Clásica', 1, 8.50), (18, 'Pizza Margarita', 1, 12.00),
(19, 'Tacos al Pastor', 2, 9.50), (19, 'Ensalada César', 1, 7.75),
(20, 'Pasta Alfredo', 2, 11.25), (20, 'Hamburguesa Clásica', 1, 8.50),
(21, 'Pizza Margarita', 1, 12.00), (21, 'Tacos al Pastor', 2, 9.50),
(22, 'Ensalada César', 1, 7.75), (22, 'Pasta Alfredo', 2, 11.25),
(23, 'Hamburguesa Clásica', 1, 8.50), (23, 'Pizza Margarita', 1, 12.00),
(24, 'Tacos al Pastor', 2, 9.50), (24, 'Ensalada César', 1, 7.75),
(25, 'Pasta Alfredo', 2, 11.25), (25, 'Hamburguesa Clásica', 1, 8.50);